arthritis,D02.455.426.559.847.117
arthritis,D03.633.300.240.127
arthritis,Y03.020
arthritis,D03.633.300.240.127
arthritis,Y03.020
arthritis,D03.383.663.283
arthritis,D03.383.663.283
arthritis,D03.383.663.283
arthritis,D03.383.663.283
arthritis,D03.383.533
arthritis,D02.705
arthritis,D02.806.250.900
arthritis,Y03.020
arthritis,D02.705
arthritis,D02.806.250.900
arthritis,Y03.020
arthritis,D02.705
arthritis,D02.806.250.900
arthritis,Y03.020
arthritis,D02.455.426.392.368.242.888
arthritis,D02.455.426.392.368.242.888
arthritis,D03.383.129.308.080
arthritis,Y03.020
arthritis,D02.705
arthritis,D03.132.151
arthritis,Y03.020
arthritis,D03.383.663
arthritis,D03.633.100.810.835
arthritis,D10.251.355.325.600
arthritis,D10.251.355.325.600
arthritis,D10.251.355.325.600
arthritis,D10.251.355.325.600
arthritis,D10.251.355.325.600
arthritis,D10.251.355.325.600
arthritis,D10.251.355.325.600
arthritis,D10.570.755
arthritis,D10.570.755
arthritis,D02.455.426.559.389.657.393
arthritis,D02.455.426.559.389.657.393
arthritis,D03.633.300.669
arthritis,D03.633.300.669
arthritis,D03.633.300.669
arthritis,D03.633.300.669
arthritis,D03.633.300.669
arthritis,D03.633.300.669
arthritis,D03.633.300.669
arthritis,D03.633.300.669
arthritis,D03.633.300.669
arthritis,D03.633.300.669
arthritis,D03.633.300.669
arthritis,D03.633.300.669
arthritis,D03.633.300.669
arthritis,D03.633.300.669
arthritis,D03.633.300.669
arthritis,D03.633.300.669
arthritis,D03.633.300.669
arthritis,D03.633.300.669
