diabetes,D02.455.426.559.847.117
diabetes,D02.455.426.392.368.284
diabetes,D03.633.100.473
diabetes,D02.886.369
diabetes,D03.633.100.473
diabetes,D02.886.369
diabetes,D03.633.100.473
diabetes,D02.886.369
diabetes,D03.132.151
diabetes,Y03.020
diabetes,D03.132.151
diabetes,Y03.020
diabetes,D03.132.151
diabetes,Y03.020
diabetes,D03.383.663.283
diabetes,D03.383.663.283
diabetes,D03.383.663.283
diabetes,D03.383.663.283
diabetes,D03.383.663.283
diabetes,D02.705
diabetes,D02.806.250.900
diabetes,Y03.020
diabetes,D02.705
diabetes,D02.806.250.900
diabetes,Y03.020
diabetes,D02.705
diabetes,D02.806.250.900
diabetes,Y03.020
diabetes,D02.705
diabetes,D02.806.250.900
diabetes,Y03.020
diabetes,D02.705
diabetes,D02.806.250.900
diabetes,Y03.020
diabetes,D02.705
diabetes,D02.806.250.900
diabetes,Y03.020
diabetes,D02.705
diabetes,D02.806.250.900
diabetes,Y03.020
diabetes,D02.705
diabetes,D02.806.250.900
diabetes,Y03.020
diabetes,D02.705
diabetes,D02.806.250.900
diabetes,Y03.020
diabetes,D02.705
diabetes,D02.806.250.900
diabetes,Y03.020
diabetes,D02.806.400.249
diabetes,D02.806.400.249
diabetes,D02.806.400.249
diabetes,D03.132.151
diabetes,Y03.020
diabetes,D03.132.151
diabetes,Y03.020
diabetes,D03.132.151
diabetes,Y03.020
diabetes,D03.132.151
diabetes,Y03.020
diabetes,D03.132.151
diabetes,Y03.020
diabetes,D03.132.151
diabetes,Y03.020
diabetes,D03.132.151
diabetes,Y03.020
diabetes,D03.383.663.283.446.520.914
diabetes,Y03.020
diabetes,D03.383.663
diabetes,D03.633.100.810.835
diabetes,D03.383.663
diabetes,D03.633.100.810.835
diabetes,D03.383.663
diabetes,D03.633.100.810.835
diabetes,D03.383.663
diabetes,D03.633.100.810.835
diabetes,D03.383.663
diabetes,D03.633.100.810.835
diabetes,D03.383.663
diabetes,D03.633.100.810.835
diabetes,D03.383.663
diabetes,D03.633.100.810.835
diabetes,D03.383.663
diabetes,D03.633.100.810.835
diabetes,D03.383.663
diabetes,D03.633.100.810.835
diabetes,D03.383.663
diabetes,D03.633.100.810.835
diabetes,D10.251.355.325.600
diabetes,D10.251.355.325.600
diabetes,D10.251.355.325.600
diabetes,D10.251.355.325.600
diabetes,D10.251.355.325.600
diabetes,D10.251.355.325.600
diabetes,D10.251.355.325.600
diabetes,D10.251.355.325.600
diabetes,D10.251.355.325.600
diabetes,D10.251.355.325.600
diabetes,D10.251.355.325.600
diabetes,D10.251.355.325.600
diabetes,D10.251.355.325.600
diabetes,D10.251.355.325.600
diabetes,D10.251.355.325.600
diabetes,D10.251.355.325.600
diabetes,D10.251.355.325.600
diabetes,D10.570.755
diabetes,D10.570.755
diabetes,D10.570.755
diabetes,D03.633.100.733.631.192
diabetes,Y03.020
diabetes,D03.633.100.733.631.192
diabetes,Y03.020
diabetes,D02.455.426.559.389.657.393
diabetes,D02.455.426.559.389.657.393
diabetes,D02.455.426.559.389.657.393
diabetes,D03.633.300.669
diabetes,D03.633.300.669
diabetes,D03.633.300.669
diabetes,D03.633.300.669
diabetes,D03.633.300.669
diabetes,D03.633.300.669
diabetes,D03.633.300.669
diabetes,D03.633.300.669
diabetes,D03.633.300.669
diabetes,D03.633.300.669
diabetes,D03.633.300.669
diabetes,D03.633.300.669
diabetes,D03.633.300.669
diabetes,D03.633.300.669
diabetes,D03.633.300.669
diabetes,D03.633.300.669
diabetes,D03.633.300.669
diabetes,D03.633.300.669
diabetes,D03.633.300.669
diabetes,D03.633.300.669
diabetes,D03.633.300.669
diabetes,D03.633.300.669
diabetes,D03.633.300.669
diabetes,D03.633.300.669
diabetes,D03.633.300.669
diabetes,D03.633.300.669
diabetes,D03.633.300.669
diabetes,D03.633.300.669
diabetes,D03.633.300.669
diabetes,D03.633.300.669
diabetes,D03.633.300.669
diabetes,D20.215.784.500.350
diabetes,D10.251.355.255.207
diabetes,Y03.020
diabetes,D10.251.355.255.207
diabetes,Y03.020
diabetes,D10.251.355.255.207
diabetes,Y03.020
diabetes,D02.455.526.439.610
diabetes,Y03.020
diabetes,D02.455.526.439.610
diabetes,Y03.020
diabetes,D02.455.526.439.610
diabetes,Y03.020
diabetes,D02.455.526.439.927
diabetes,D02.455.526.439.927
diabetes,D02.455.426.559.847.149.700
diabetes,Y03.020
diabetes,D02.455.426.559.847.149.700
diabetes,Y03.020
diabetes,D02.455.426.559.847.149.700
diabetes,Y03.020
diabetes,D02.455.426.559.847.149.700
diabetes,Y03.020
diabetes,D02.455.426.559.847.149.700
diabetes,Y03.020
diabetes,D02.455.426.559.847.149.700
diabetes,Y03.020
diabetes,D02.455.426.559.847.149.700
diabetes,Y03.020
diabetes,D02.455.426.559.847.149.700
diabetes,Y03.020
diabetes,D02.455.426.559.847.149.700
diabetes,Y03.020
diabetes,D02.455.426.559.847.149.700
diabetes,Y03.020
diabetes,D02.241.081.018
diabetes,D02.455.326.271
diabetes,D02.241.081.018
diabetes,D02.455.326.271
diabetes,D02.241.081.018
diabetes,D02.455.326.271
diabetes,D03.633.100.473
diabetes,D02.455.426.559.389.657
diabetes,D03.633.100.473
diabetes,D02.455.426.559.389.657
diabetes,D03.633.100.473
diabetes,D02.455.426.559.389.657
diabetes,D03.633.100.473
diabetes,D02.455.426.559.389.657
diabetes,D03.633.100.473
diabetes,D02.455.426.559.389.657
diabetes,D03.633.100.473
diabetes,D02.455.426.559.389.657
diabetes,D03.633.100.473
diabetes,D02.455.426.559.389.657
diabetes,D03.633.100.473
diabetes,D02.455.426.559.389.657
diabetes,D03.633.100.473
diabetes,D02.455.426.559.389.657
diabetes,D03.633.100.473
diabetes,D03.633.100.473
diabetes,D03.633.100.473
diabetes,D03.633.100.473
diabetes,D03.633.100.473
diabetes,D03.633.100.473
diabetes,D03.633.100.473
diabetes,D03.633.100.473
diabetes,D03.633.100.473
diabetes,D03.633.100.473
diabetes,D03.633.100.473
diabetes,D03.633.100.473
diabetes,D03.633.100.473
diabetes,D02.455.426.559.389.115
diabetes,D02.455.426.392.368.367
diabetes,D02.455.426.559.389.115
diabetes,D02.455.426.392.368.367
diabetes,D02.455.426.559.389.115
diabetes,D02.455.426.392.368.367
diabetes,D04.210.500.745.745.654.237
diabetes,Y03.020
diabetes,D04.210.500.745.745.654.237
diabetes,Y03.020
diabetes,D10.251.355.255.550.250.100
diabetes,Y03.020
diabetes,D10.251.355.255.550.250.100
diabetes,Y03.020
diabetes,D10.251.355.255.550.250.100
diabetes,Y03.020
diabetes,D10.251.355.255.550.250.100
diabetes,Y03.020
diabetes,D10.251.355.255.550.250.100
diabetes,Y03.020
diabetes,D10.251.355.255.550.250.100
diabetes,Y03.020
diabetes,D10.251.355.255.550.250.100
diabetes,Y03.020
diabetes,D10.251.355.255.550.250.100
diabetes,Y03.020
diabetes,D10.251.355.255.550.250.100
diabetes,Y03.020
diabetes,D10.251.355.255.550.250.100
diabetes,Y03.020
diabetes,D10.251.355.255.550.250.100
diabetes,Y03.020
diabetes,D02.455.526.439.220
diabetes,D02.455.526.439.447
diabetes,Y03.020
diabetes,D02.442
diabetes,D02.442
diabetes,D02.455.849.090
diabetes,D02.455.849.090
diabetes,D02.455.849.090
diabetes,D02.455.849.090
diabetes,D02.455.849.090
diabetes,D02.455.849.090
diabetes,D02.455.849.090
diabetes,D02.455.849.090
diabetes,D02.455.849.090
diabetes,D02.455.849.090
diabetes,D02.455.849.090
diabetes,D02.455.849.090
diabetes,D02.455.849.090
diabetes,D04.210.500.365.415.248
diabetes,Y03.020
diabetes,D04.210.500.365.415.248
diabetes,Y03.020
diabetes,D04.210.500.365.415.248
diabetes,Y03.020
diabetes,D03.383.725.150
diabetes,D03.383.725.150
diabetes,D10.251.355.255.100.300
diabetes,D10.251.355.255.100.300
diabetes,D04.210.500.054.079.329
diabetes,Y03.020
diabetes,D04.210.500.054.079.429.824.375
diabetes,D02.455.849.919
diabetes,D02.455.849.919
diabetes,D02.455.849.919
diabetes,D04.210.500.054.079.429.824
diabetes,Y03.020
diabetes,D04.210.500.054.079.429.824
diabetes,Y03.020
diabetes,D02.455.426.559.389.703
diabetes,D03.383.621
diabetes,D02.455.426.559.389.703
diabetes,D03.383.621
diabetes,D02.455.426.559.389.703
diabetes,D03.383.621
diabetes,D02.455.426.559.389.703
diabetes,D03.383.621
diabetes,D02.455.426.559.389.703
diabetes,D03.383.621
diabetes,D02.455.426.559.389.703
diabetes,D03.383.621
diabetes,D02.455.426.559.389.703
diabetes,D03.383.621
diabetes,D02.455.426.559.389.703
diabetes,D03.383.621
diabetes,D02.455.426.559.389.703
diabetes,D03.383.621
diabetes,D02.455.426.559.389.703
diabetes,D03.383.621
diabetes,D02.455.426.559.389.703
diabetes,D03.383.621
diabetes,D02.455.426.559.389.703
diabetes,D03.383.621
diabetes,D02.455.426.559.389.703
diabetes,D03.383.621
diabetes,D02.455.426.559.847.149
diabetes,D02.033.800.519.400
diabetes,D02.033.800.519.400
diabetes,D02.033.800.519.400
diabetes,D02.033.800.519.400
diabetes,D02.033.800.519.400
diabetes,D02.033.800.519.400
diabetes,D02.033.800.519.400
diabetes,D02.033.800.519.400
diabetes,D02.033.800.519.400
diabetes,D02.033.800.519.400
diabetes,D02.033.800.519.400
diabetes,D02.033.800.519.400
diabetes,D02.033.800.519.400
diabetes,D02.033.800.519.400
diabetes,D02.455.426.559.847.799
diabetes,D03.383.725
diabetes,D02.948
diabetes,Y03.020
diabetes,D03.383.725
diabetes,D02.948
diabetes,Y03.020
diabetes,D03.383.725
diabetes,D02.948
diabetes,Y03.020
diabetes,D03.383.725
diabetes,D02.948
diabetes,Y03.020
diabetes,D03.383.725
diabetes,D02.948
diabetes,Y03.020
diabetes,D01.248.497.158.874.390
diabetes,D02.092.831
diabetes,D01.248.497.158.874.390
diabetes,D02.092.831
diabetes,D03.383.246.238
diabetes,D03.383.246.238
diabetes,D02.309.500.450
diabetes,D03.633.100.127
diabetes,D02.455.526.439
diabetes,D02.455.426.559.847.638
diabetes,D02.455.526.439
diabetes,D02.455.426.559.847.638
diabetes,D02.455.526.439
diabetes,D02.455.426.559.847.638
diabetes,D02.309.500.450
diabetes,D02.309.500.450
diabetes,D02.309.500.450
diabetes,D03.633.100.127
diabetes,D03.633.100.127
diabetes,D03.383.129.308
diabetes,D03.383.129.308
diabetes,D03.383.129.308
diabetes,D03.383.129.308
diabetes,D03.383.129.308
diabetes,D03.383.129.308
diabetes,D03.383.129.308
diabetes,D03.383.129.308
diabetes,D03.383.129.308
diabetes,D03.383.129.308
diabetes,D03.383.129.308
diabetes,D03.383.129.308
diabetes,D03.383.129.308
diabetes,D02.309.500.450
diabetes,D03.633.100.531.820
diabetes,D03.633.100.531.820
diabetes,D02.455.526.439
diabetes,D02.455.426.559.847.638
diabetes,D02.455.526.439
diabetes,D02.455.426.559.847.638
diabetes,D02.309.500.450
diabetes,D02.309.500.450
diabetes,D03.633.100.127
diabetes,D03.633.100.127
diabetes,D02.309.500.450
diabetes,D02.309.500.450
diabetes,D02.455.426.100.050
diabetes,Y03.020
diabetes,D10.251.500
diabetes,D02.455.426.100.050
diabetes,Y03.020
diabetes,D10.251.500
diabetes,D02.455.426.100.050
diabetes,Y03.020
diabetes,D10.251.500
diabetes,D02.455.426.100.050
diabetes,Y03.020
diabetes,D10.251.500
diabetes,D02.455.426.100.050
diabetes,Y03.020
diabetes,D10.251.500
diabetes,D02.455.426.100.050
diabetes,Y03.020
diabetes,D10.251.500
diabetes,D02.455.426.100.050
diabetes,Y03.020
diabetes,D10.251.500
diabetes,D02.455.426.100.050
diabetes,Y03.020
diabetes,D10.251.500
diabetes,D02.455.426.100.050
diabetes,Y03.020
diabetes,D10.251.500
diabetes,D02.455.426.100.050
diabetes,Y03.020
diabetes,D10.251.500
diabetes,D02.455.426.100.050
diabetes,Y03.020
diabetes,D10.251.500
diabetes,D02.455.426.100.050
diabetes,Y03.020
diabetes,D10.251.500
diabetes,D02.455.426.100.050
diabetes,Y03.020
diabetes,D10.251.500
diabetes,D02.455.426.100.050
diabetes,Y03.020
diabetes,D10.251.500
diabetes,D02.455.426.100.050
diabetes,Y03.020
diabetes,D10.251.500
diabetes,D02.455.426.100.050
diabetes,Y03.020
diabetes,D10.251.500
diabetes,D02.455.426.100.050
diabetes,Y03.020
diabetes,D10.251.500
diabetes,D02.033.100.624
diabetes,D02.455.326.146.800
diabetes,Y03.020
diabetes,D02.455.326.146.800
diabetes,Y03.020
diabetes,D02.455.326.146.800
diabetes,Y03.020
diabetes,D02.455.326.146.800
diabetes,Y03.020
diabetes,D02.092.146
diabetes,D02.092.146
diabetes,D02.092.146
diabetes,D02.092.146
diabetes,D02.455.426.559.389.220
diabetes,D02.455.426.559.389.220
diabetes,D02.455.426.559.389.220
diabetes,D02.455.426.559.389.220
diabetes,D02.455.426.559.389.261
diabetes,D04.210.500.247.222.474
diabetes,D04.210.500.247.222.474
diabetes,D04.210.500.247.222.474
diabetes,D03.383.129.799
diabetes,D03.383.129.799
diabetes,D03.383.129.799
diabetes,D02.455.426.559.389.261
diabetes,D02.455.426.559.389.261
diabetes,D02.455.426.559.389.261
diabetes,D02.455.426.559.389.261
diabetes,D02.455.426.559.389.261
diabetes,D02.455.426.559.389.261
diabetes,D02.455.426.392.368.367
diabetes,D02.455.426.559.847.149
diabetes,D02.455.426.559.847.149
diabetes,D02.455.426.559.847.149
diabetes,D02.455.426.559.847.149
diabetes,D02.455.426.559.847.149
diabetes,D02.455.426.559.847.149
diabetes,D02.455.426.559.847.149
diabetes,D02.455.426.559.847.149
diabetes,D02.455.426.559.847.149
diabetes,D02.455.426.559.847.149
diabetes,D02.455.426.559.847.149
diabetes,D02.455.426.559.847.149
diabetes,D02.455.426.559.847.149
diabetes,D02.455.426.559.847.149
diabetes,D02.455.426.559.847.149
diabetes,D02.455.426.559.847.149
diabetes,D02.455.426.559.847.149
diabetes,D02.455.426.559.847.149
diabetes,D02.455.426.559.847.149
diabetes,D02.455.426.559.847.149
diabetes,D02.455.426.559.847.149
diabetes,D02.455.426.559.847.149
diabetes,D02.455.426.559.847.149
diabetes,D02.455.426.559.847.149
diabetes,D02.455.426.559.847.149
diabetes,D02.455.426.559.847.149
diabetes,D02.455.426.559.847.149
diabetes,D02.455.426.559.847.149
diabetes,D02.455.426.559.847.149
diabetes,D02.455.426.559.847.149
diabetes,D02.455.426.559.847.149
diabetes,D02.455.426.559.847.149
diabetes,D02.455.426.559.847.149
diabetes,D02.455.426.559.847.149
diabetes,D02.455.426.559.847.149
diabetes,D02.455.426.559.847.149
diabetes,D02.455.426.559.847.149
diabetes,D02.455.426.559.847.149
diabetes,D02.455.426.559.847.149
diabetes,D02.455.426.559.847.149
diabetes,D02.455.426.559.847.149
diabetes,D02.455.426.559.847.149
diabetes,D02.455.426.559.847.149
diabetes,D02.455.426.559.847.149
diabetes,D02.455.426.559.847.149
diabetes,D02.455.426.559.847.149
diabetes,D02.455.426.559.847.149
diabetes,D02.455.426.559.847.149
diabetes,D02.455.426.559.847.149
diabetes,D02.455.426.559.847.149
diabetes,D02.455.426.559.847.149
diabetes,D02.455.426.559.847.149
diabetes,D02.455.426.559.847.149
diabetes,D02.455.426.559.847.149
diabetes,D01.029.260.700.600
diabetes,D03.383.725
diabetes,D01.029.260.700.600
diabetes,D03.383.725
diabetes,D04.210.500.812.768
diabetes,Y03.020
diabetes,D04.210.500.812.768
diabetes,Y03.020
diabetes,D04.210.500.812.768
diabetes,Y03.020
diabetes,D04.210.500.812.768
diabetes,Y03.020
diabetes,D04.210.500.812.768
diabetes,Y03.020
diabetes,D02.092.471.683
diabetes,D02.092.471.683
diabetes,D02.455.849.291
diabetes,D02.540
diabetes,D02.455.849.291
diabetes,D02.540
diabetes,D02.455.849.291
diabetes,D02.540
diabetes,D02.455.849.291
diabetes,D02.540
diabetes,D02.455.849.291
diabetes,D02.540
diabetes,D02.455.849.291
diabetes,D02.540
diabetes,D02.886.675
diabetes,D02.886.675
diabetes,D02.712
diabetes,D03.605.084
diabetes,D02.712
diabetes,D03.605.084
diabetes,D02.712
diabetes,D03.605.084
diabetes,D02.712
diabetes,D03.605.084
diabetes,D02.712
diabetes,D03.605.084
diabetes,D02.455.426.559.389.220
diabetes,D02.092.782.258.368.257
diabetes,Y03.020
diabetes,D02.092.782.258.368.257
diabetes,Y03.020
diabetes,D02.092.782.258.368.257
diabetes,Y03.020
diabetes,D02.092.782.258.368.257
diabetes,Y03.020
diabetes,D02.092.782.258.368.257
diabetes,Y03.020
diabetes,D02.092.782.258.368.257
diabetes,Y03.020
diabetes,D02.092.782.258.368.257
diabetes,Y03.020
diabetes,D02.092.782.258.368.257
diabetes,Y03.020
diabetes,D02.092.782.258.368.257
diabetes,Y03.020
diabetes,D02.092.782.258.368.257
diabetes,Y03.020
diabetes,D02.092.782.258.368.257
diabetes,Y03.020
diabetes,D02.092.782.258.368.257
diabetes,Y03.020
diabetes,D02.092.782.258.368.257
diabetes,Y03.020
diabetes,D02.092.782.258.368.257
diabetes,Y03.020
diabetes,D02.092.782.258.368.257
diabetes,Y03.020
diabetes,D02.092.782.258.368.257
diabetes,Y03.020
diabetes,D02.092.782.258.368.257
diabetes,Y03.020
diabetes,D02.092.782.258.368.257
diabetes,Y03.020
diabetes,D02.092.782.258.368.257
diabetes,Y03.020
diabetes,D02.092.782.258.368.257
diabetes,Y03.020
diabetes,D02.092.782.258.368.257
diabetes,Y03.020
diabetes,D02.092.782.258.368.257
diabetes,Y03.020
diabetes,D02.092.782.258.368.257
diabetes,Y03.020
diabetes,D02.092.782.258.368.257
diabetes,Y03.020
diabetes,D02.092.782.258.368.257
diabetes,Y03.020
diabetes,D02.092.782.258.368.257
diabetes,Y03.020
diabetes,D02.092.782.258.368.257
diabetes,Y03.020
diabetes,D02.092.782.258.368.257
diabetes,Y03.020
diabetes,D02.092.782.258.368.257
diabetes,Y03.020
diabetes,D02.092.782.258.368.257
diabetes,Y03.020
diabetes,D02.092.782.258.368.257
diabetes,Y03.020
diabetes,D02.092.782.258.368.257
diabetes,Y03.020
diabetes,D02.092.782.258.368.257
diabetes,Y03.020
diabetes,D02.092.782.258.368.257
diabetes,Y03.020
diabetes,D02.092.782.258.368.257
diabetes,Y03.020
diabetes,D02.092.782.258.368.257
diabetes,Y03.020
diabetes,D02.092.782.258.368.257
diabetes,Y03.020
diabetes,D02.092.782.258.368.257
diabetes,Y03.020
diabetes,D02.092.782.258.368.257
diabetes,Y03.020
diabetes,D02.092.782.258.368.257
diabetes,Y03.020
diabetes,D02.092.782.258.368.257
diabetes,Y03.020
diabetes,D02.092.782.258.368.257
diabetes,Y03.020
diabetes,D02.092.782.258.368.257
diabetes,Y03.020
diabetes,D02.092.782.258.368.257
diabetes,Y03.020
diabetes,D02.092.782.258.368.257
diabetes,Y03.020
diabetes,D02.092.782.258.368.257
diabetes,Y03.020
diabetes,D02.092.782.258.368.257
diabetes,Y03.020
diabetes,D02.092.782.258.368.257
diabetes,Y03.020
diabetes,D02.092.782.258.368.257
diabetes,Y03.020
diabetes,D02.092.782.258.368.257
diabetes,Y03.020
diabetes,D02.092.782.258.368.257
diabetes,Y03.020
diabetes,D02.092.782.258.368.257
diabetes,Y03.020
diabetes,D02.092.782.258.368.257
diabetes,Y03.020
diabetes,D02.092.782.258.368.257
diabetes,Y03.020
diabetes,D02.092.782.258.368.257
diabetes,Y03.020
diabetes,D02.092.782.258.368.257
diabetes,Y03.020
diabetes,D02.092.782.258.368.257
diabetes,Y03.020
diabetes,D02.092.782.258.368.257
diabetes,Y03.020
diabetes,D02.092.782.258.368.257
diabetes,Y03.020
diabetes,D02.092.782.258.368.257
diabetes,Y03.020
diabetes,D02.092.782.258.368.257
diabetes,Y03.020
diabetes,D02.092.782.258.368.257
diabetes,Y03.020
diabetes,D02.092.782.258.368.257
diabetes,Y03.020
diabetes,D02.092.782.258.368.257
diabetes,Y03.020
diabetes,D02.455.426.559.389.703
diabetes,D03.383.129.799
diabetes,D02.455.426.559.389.703
diabetes,D03.383.129.799
diabetes,D02.455.426.559.389.703
diabetes,D03.383.129.799
diabetes,D02.455.426.559.389.703
diabetes,D03.383.129.799
diabetes,D02.455.426.559.389.703
diabetes,D03.383.129.799
diabetes,D02.455.426.559.389.703
diabetes,D03.383.129.799
diabetes,D02.455.426.559.389.703
diabetes,D03.383.129.799
diabetes,D02.455.426.559.389.703
diabetes,D03.383.129.799
diabetes,D02.455.426.559.389.703
diabetes,D03.383.129.799
diabetes,D02.455.426.559.389.703
diabetes,D03.383.129.799
diabetes,D02.455.426.559.389.703
diabetes,D03.383.129.799
diabetes,D02.455.426.559.389.703
diabetes,D03.383.129.799
diabetes,D02.455.426.559.389.703
diabetes,D03.383.129.799
diabetes,D02.455.426.559.389.703
diabetes,D03.383.129.799
diabetes,D02.455.426.779
diabetes,D02.886.675.867
diabetes,D02.455.426.779
diabetes,D02.886.675.867
diabetes,D02.455.426.779
diabetes,D02.886.675.867
diabetes,D02.455.426.779
diabetes,D02.886.675.867
diabetes,D02.455.426.779
diabetes,D02.886.675.867
diabetes,D02.455.426.779
diabetes,D02.886.675.867
diabetes,D02.455.426.779
diabetes,D02.886.675.867
diabetes,D02.654.692.300
diabetes,Y03.020
diabetes,D03.383.129.308
diabetes,D02.455.849.919.530.733
diabetes,Y03.020
diabetes,D03.383.129.308
diabetes,D02.455.849.919.530.733
diabetes,Y03.020
diabetes,D03.383.129.308
diabetes,D02.455.849.919.530.733
diabetes,Y03.020
diabetes,D03.383.129.308
diabetes,D02.455.849.919.530.733
diabetes,Y03.020
diabetes,D03.383.129.308
diabetes,D02.455.849.919.530.733
diabetes,Y03.020
diabetes,D03.383.129.308
diabetes,D02.455.849.919.530.733
diabetes,Y03.020
diabetes,D03.383.129.308
diabetes,D02.455.849.919.530.733
diabetes,Y03.020
diabetes,D03.383.129.308
diabetes,D02.455.849.919.530.733
diabetes,Y03.020
diabetes,D03.383.129.308
diabetes,D02.455.849.919.530.733
diabetes,Y03.020
diabetes,D03.383.129.308
diabetes,D02.455.849.919.530.733
diabetes,Y03.020
diabetes,D03.383.129.308
diabetes,D02.455.849.919.530.733
diabetes,Y03.020
diabetes,D03.383.129.308
diabetes,D02.455.849.919.530.733
diabetes,Y03.020
diabetes,D03.383.129.308
diabetes,D02.455.849.919.530.733
diabetes,Y03.020
diabetes,D03.383.129.308
diabetes,D02.455.849.919.530.733
diabetes,Y03.020
diabetes,D03.383.129.308
diabetes,D02.455.849.919.530.733
diabetes,Y03.020
diabetes,D03.383.129.308
diabetes,D02.455.849.919.530.733
diabetes,Y03.020
diabetes,D03.383.129.308
diabetes,D02.455.849.919.530.733
diabetes,Y03.020
diabetes,D03.383.129.308
diabetes,D02.455.849.919.530.733
diabetes,Y03.020
diabetes,D03.383.129.308
diabetes,D02.455.849.919.530.733
diabetes,Y03.020
diabetes,D02.355.601.536
diabetes,Y03.020
diabetes,D02.355.601.536
diabetes,Y03.020
diabetes,D02.355.601.536
diabetes,Y03.020
diabetes,D02.355.601.536
diabetes,Y03.020
diabetes,D02.355.601.536
diabetes,Y03.020
diabetes,D02.355.601.536
diabetes,Y03.020
diabetes,D02.455.849.291.500.510
diabetes,D02.455.849.291.500.510
diabetes,D02.455.849.291.500.510
diabetes,D02.455.849.291.500.510
diabetes,D02.455.849.291.500.510
diabetes,D02.455.849.291.500.510
diabetes,D02.455.849.291.500.510
diabetes,D02.455.849.291.500.510
diabetes,D10.351.303
diabetes,D10.351.303
diabetes,D10.351.303
diabetes,D10.351.303
diabetes,D02.092.146.651
diabetes,D02.092.146.651
diabetes,D02.092.146.651
diabetes,D02.092.146.651
diabetes,D02.092.146.651
diabetes,D02.092.146.651
diabetes,D02.092.146.651
diabetes,D02.092.146.651
diabetes,D02.092.146.651
diabetes,D02.092.146.651
diabetes,D02.092.146.651
diabetes,D02.626
diabetes,D02.626
diabetes,D02.626
diabetes,D02.626
diabetes,D02.455.426.392.368.367
diabetes,D02.455.426.392.368.367
diabetes,D02.455.426.392.368.367
diabetes,D02.455.426.392.368.367
diabetes,D02.455.426.392.368.367
diabetes,D02.455.426.392.368.367
diabetes,D02.455.426.392.368.367
diabetes,D02.455.426.392.368.367
diabetes,D02.455.426.392.368.367
diabetes,D02.455.426.392.368.367
diabetes,D02.455.426.392.368.367
diabetes,D02.455.426.392.368.367
diabetes,D02.455.426.392.368.367
diabetes,D02.455.426.392.368.367
diabetes,D02.455.426.392.368.367
diabetes,D02.455.426.392.368.367
diabetes,D02.455.426.392.368.367
diabetes,D02.455.426.392.368.367
diabetes,D02.455.426.392.368.367
diabetes,D02.455.426.392.368.367
diabetes,D02.455.426.392.368.367
diabetes,D02.455.426.392.368.367
diabetes,D02.455.426.392.368.367
diabetes,D02.455.426.392.368.367
diabetes,D02.455.426.392.368.367
diabetes,D02.455.426.392.368.367
diabetes,D02.455.426.392.368.367
diabetes,D02.455.426.392.368.367
diabetes,D02.455.426.392.368.367
diabetes,D02.455.426.559.389.565
diabetes,D02.455.326.271.367.300
diabetes,D02.455.326.271.367.300
diabetes,D02.455.326.271.367.300
diabetes,D02.455.326.271.367.300
diabetes,D10.570.755.375.760.400.840
diabetes,D03.383.725.791
diabetes,D03.383.725.791
diabetes,D03.383.725.791
diabetes,D03.383.725.791
diabetes,D03.383.725.791
diabetes,D03.383.725.791
diabetes,D03.383.663.283.266.450.400.843
diabetes,Y03.020
diabetes,D03.383.663.283.266.450.400.843
diabetes,Y03.020
diabetes,D03.383.663.283.266.450.400.843
diabetes,Y03.020
diabetes,D02.455.426.559.389.150.700
diabetes,D02.455.426.559.389.097.175
diabetes,D02.455.426.559.389.097.175
diabetes,D02.455.426.559.389.097.175
diabetes,D02.455.426.559.389.097.175
diabetes,D02.455.426.559.389.097.175
diabetes,D02.455.426.559.389.097.175
diabetes,D02.455.426.559.389.097.175
diabetes,D02.455.426.559.389.097.175
diabetes,D02.455.426.559.389.097.175
diabetes,D02.455.426.559.389.097.175
diabetes,D02.455.426.559.389.097.175
diabetes,D02.455.426.559.389.097.175
diabetes,D02.455.426.559.389.097.175
diabetes,D02.455.426.559.389.097.175
diabetes,D02.455.426.559.389.097.175
diabetes,D02.455.426.559.389.097.175
diabetes,D02.455.426.559.389.097.175
diabetes,D02.455.426.559.389.097.175
diabetes,D02.455.426.559.389.097.175
diabetes,D02.455.426.559.389.097.175
diabetes,D02.455.426.559.389.097.175
diabetes,D02.455.426.559.389.097.175
diabetes,D02.455.426.559.389.097.175
diabetes,D02.455.426.559.389.097.175
diabetes,D02.455.426.559.389.097.175
diabetes,D02.455.426.559.389.097.175
diabetes,D02.455.426.559.389.097.175
diabetes,D02.455.426.559.389.097.175
diabetes,D02.455.426.559.389.097.175
diabetes,D02.455.426.559.389.097.175
diabetes,D02.455.426.559.389.097.175
diabetes,D02.455.426.559.389.097.175
diabetes,D02.455.426.559.389.097.175
diabetes,D02.455.426.559.389.097.175
diabetes,D02.455.426.559.389.097.175
diabetes,D02.455.426.559.389.097.175
diabetes,D02.455.426.559.389.097.175
diabetes,D02.455.426.559.389.097.175
diabetes,D02.455.426.559.389.097.175
diabetes,D02.455.426.559.389.097.175
diabetes,D02.455.426.559.389.097.175
diabetes,D02.455.426.559.389.097.175
diabetes,D02.455.426.559.847.638.638
diabetes,D02.455.426.559.847.638.638
diabetes,D02.455.426.559.847.638.638
diabetes,D02.455.426.559.847.638.638
diabetes,D02.455.426.559.847.638.638
diabetes,D02.455.426.559.847.638.638
diabetes,D10.570.755.375.760.400.800
diabetes,D10.570.755.375.760.400.800
diabetes,D10.570.755.375.760.400.800
diabetes,D10.570.755.375.760.400.800
diabetes,D02.455.426.559.389.565
diabetes,D02.455.426.559.389.565
diabetes,D02.455.426.559.389.565
diabetes,D02.455.426.559.389.565
diabetes,D02.455.426.559.389.565
diabetes,D02.455.426.559.847.638
diabetes,D01.625.062.500
diabetes,D10.251.355.325
diabetes,D01.625.062.500
diabetes,D10.251.355.325
diabetes,D01.625.062.500
diabetes,D10.251.355.325
diabetes,D01.625.062.500
diabetes,D10.251.355.325
diabetes,D01.625.062.500
diabetes,D10.251.355.325
diabetes,D01.625.062.500
diabetes,D10.251.355.325
diabetes,D01.625.062.500
diabetes,D10.251.355.325
diabetes,D01.625.062.500
diabetes,D10.251.355.325
diabetes,D10.570.755.375.760.400.885
diabetes,D10.570.755.375.760.400.885
diabetes,D10.570.755.375.760.400.885
diabetes,D10.570.755.375.760.400.885
diabetes,D10.570.755.375.760.400.885
diabetes,D10.570.755.375.760.400.885
diabetes,D02.442.726
diabetes,D10.570.755.375.760.400.840
diabetes,D02.033.455.250.700
diabetes,D10.570.755.375.760.400.840
diabetes,D02.033.455.250.700
diabetes,D10.570.755.375.760.400.840
diabetes,D02.033.455.250.700
diabetes,D01.928
diabetes,D02.886.778
diabetes,D01.928
diabetes,D02.886.778
diabetes,D01.928
diabetes,D02.886.778
diabetes,D01.928
diabetes,D02.886.778
diabetes,D01.928
diabetes,D02.886.778
diabetes,D01.928
diabetes,D02.886.778
diabetes,D01.928
diabetes,D02.886.778
diabetes,D01.928
diabetes,D02.886.778
diabetes,D01.928
diabetes,D02.886.778
diabetes,D01.928
diabetes,D02.886.778
diabetes,D01.928
diabetes,D02.886.778
diabetes,D01.928
diabetes,D02.886.778
diabetes,D01.928
diabetes,D02.886.778
diabetes,D01.928
diabetes,D02.886.778
diabetes,D01.928
diabetes,D02.886.778
diabetes,D01.928
diabetes,D02.886.778
diabetes,D01.928
diabetes,D02.886.778
diabetes,D01.928
diabetes,D02.886.778
diabetes,D01.928
diabetes,D02.886.778
diabetes,D01.928
diabetes,D02.886.778
diabetes,D01.928
diabetes,D02.886.778
diabetes,D01.928
diabetes,D02.886.778
diabetes,D01.928
diabetes,D02.886.778
diabetes,D01.928
diabetes,D02.886.778
diabetes,D01.928
diabetes,D02.886.778
diabetes,D01.928
diabetes,D02.886.778
diabetes,D01.928
diabetes,D02.886.778
diabetes,D01.928
diabetes,D02.886.778
diabetes,D01.928
diabetes,D02.886.778
diabetes,D01.928
diabetes,D02.886.778
diabetes,D01.928
diabetes,D02.886.778
diabetes,D01.928
diabetes,D02.886.778
diabetes,D01.928
diabetes,D02.886.778
diabetes,D01.928
diabetes,D02.886.778
diabetes,D01.928
diabetes,D02.886.778
diabetes,D01.928
diabetes,D02.886.778
diabetes,D01.928
diabetes,D02.886.778
diabetes,D01.928
diabetes,D02.886.778
diabetes,D01.928
diabetes,D02.886.778
diabetes,D01.928
diabetes,D02.886.778
diabetes,D01.928
diabetes,D02.886.778
diabetes,D01.928
diabetes,D02.886.778
diabetes,D01.928
diabetes,D02.886.778
diabetes,D01.928
diabetes,D02.886.778
diabetes,D01.928
diabetes,D02.886.778
diabetes,D01.928
diabetes,D02.886.778
diabetes,D01.928
diabetes,D02.886.778
diabetes,D01.928
diabetes,D02.886.778
diabetes,D01.928
diabetes,D02.886.778
diabetes,D01.928
diabetes,D02.886.778
diabetes,D01.928
diabetes,D02.886.778
diabetes,D01.928
diabetes,D02.886.778
diabetes,D01.928
diabetes,D02.886.778
diabetes,D01.928
diabetes,D02.886.778
diabetes,D01.928
diabetes,D02.886.778
diabetes,D01.928
diabetes,D02.886.778
diabetes,D01.928
diabetes,D02.886.778
diabetes,D01.928
diabetes,D02.886.778
diabetes,D01.928
diabetes,D02.886.778
diabetes,D01.928
diabetes,D02.886.778
diabetes,D01.928
diabetes,D02.886.778
diabetes,D01.928
diabetes,D02.886.778
diabetes,D01.928
diabetes,D02.886.778
diabetes,D01.928
diabetes,D02.886.778
diabetes,D01.928
diabetes,D02.886.778
diabetes,D01.928
diabetes,D02.886.778
diabetes,D01.928
diabetes,D02.886.778
diabetes,D01.928
diabetes,D02.886.778
diabetes,D01.928
diabetes,D02.886.778
diabetes,D01.928
diabetes,D02.886.778
diabetes,D01.928
diabetes,D02.886.778
diabetes,D02.355.291.411
diabetes,D02.455.326.271.884
diabetes,D02.355.291.411
diabetes,D02.455.326.271.884
diabetes,D02.355.291.411
diabetes,D02.455.326.271.884
diabetes,D02.355.291.411
diabetes,D02.455.326.271.884
diabetes,D02.355.291.411
diabetes,D02.455.326.271.884
diabetes,D02.355.291.411
diabetes,D02.455.326.271.884
diabetes,D02.355.291.411
diabetes,D02.455.326.271.884
diabetes,D10.251.355.255.100.450
diabetes,D10.251.355.255.100.450
diabetes,D10.251.355.255.100.450
diabetes,D10.251.355.255.100.450
diabetes,D03.132.436.681.333
diabetes,D10.570.755.375.760.400.800
diabetes,D10.570.755.375.760.400.800
diabetes,D10.570.755.375.760.400.800
diabetes,D03.383.129.578
diabetes,D03.633.100.810
diabetes,D02.455.426.559.847.149
diabetes,D02.948.511
diabetes,D02.886.778
diabetes,D02.455.426.559.847.638.721
diabetes,D02.455.426.559.847.638.721
diabetes,D02.455.426.559.847.638.721
diabetes,D02.455.426.559.847.638.721
diabetes,D02.455.426.559.847.638.721
diabetes,D02.455.426.559.847.638.721
diabetes,D02.455.426.559.847.638.721
diabetes,D02.455.426.559.847.638.721
diabetes,D02.455.426.559.847.638.721
diabetes,D02.455.426.559.847.638.721
diabetes,D02.455.426.559.847.638.721
diabetes,D02.455.426.559.847.638.721
diabetes,D02.455.426.559.847.638.721
diabetes,D02.455.426.559.847.638.721
diabetes,D02.455.426.559.847.638.721
diabetes,D02.455.426.559.847.638.721
diabetes,D02.455.426.559.847.638.721
diabetes,D02.455.426.559.847.638.721
diabetes,D10.570.755.375.760.400.800
diabetes,D10.570.755.375.760.400.800
diabetes,D10.570.755.375.760.400.800
diabetes,D10.570.755.375.760.400.800
diabetes,D02.455.849.291.500.510.850
diabetes,Y03.020
diabetes,D02.455.849.291.500.510.850
diabetes,Y03.020
diabetes,D02.455.849.291.500.510.850
diabetes,Y03.020
diabetes,D02.455.849.291.500.510.850
diabetes,Y03.020
diabetes,D02.455.849.291.500.510.850
diabetes,Y03.020
diabetes,D02.640
diabetes,D02.355.726
diabetes,D02.640
diabetes,D02.355.726
diabetes,D02.640
diabetes,D02.355.726
diabetes,D02.640
diabetes,D02.355.726
diabetes,D02.640
diabetes,D02.355.726
diabetes,D02.640
diabetes,D02.355.726
diabetes,D02.640
diabetes,D02.355.726
diabetes,D02.640
diabetes,D02.355.726
diabetes,D02.640
diabetes,D02.355.726
diabetes,D02.640
diabetes,D02.355.726
diabetes,D02.640
diabetes,D02.355.726
diabetes,D02.640
diabetes,D02.355.726
diabetes,D02.640
diabetes,D02.355.726
diabetes,D02.640
diabetes,D02.355.726
diabetes,D02.640
diabetes,D02.355.726
diabetes,D02.640
diabetes,D02.355.726
diabetes,D02.640
diabetes,D02.355.726
diabetes,D02.640
diabetes,D02.355.726
diabetes,D02.640
diabetes,D02.355.726
diabetes,D02.640
diabetes,D02.355.726
diabetes,D02.640
diabetes,D02.355.726
diabetes,D02.455.526.728.650
diabetes,D02.455.426.559.389.703
diabetes,D02.355.601.200
diabetes,D02.355.601.200
diabetes,D02.355.601.200
diabetes,D02.355.601.200
diabetes,D02.355.601.200
diabetes,D02.355.601.200
diabetes,D02.262.775
diabetes,D02.262.775
diabetes,D02.522.818.222
diabetes,D02.522.818.222
diabetes,D02.522.818.222
diabetes,D02.522.818.222
diabetes,D02.522.818.222
diabetes,D02.522.818.222
diabetes,D02.522.818.222
diabetes,D02.522.818.222
diabetes,D02.522.818.222
diabetes,D02.522.818.222
diabetes,D02.522.818.222
diabetes,D02.522.818.222
diabetes,D02.522.818.222
diabetes,D02.522.818.222
diabetes,D02.522.818.222
diabetes,D02.522.818.222
diabetes,D02.522.818.222
diabetes,D03.633.100.473
diabetes,D03.633.300.953.852
diabetes,D03.633.300.953.852
diabetes,D03.633.300.953.852
diabetes,D03.633.300.953.852
diabetes,D03.383.188
diabetes,D02.455.426.559.389.657.684
diabetes,Y03.020
diabetes,D03.383.188
diabetes,D02.455.426.559.389.657.684
diabetes,Y03.020
diabetes,D03.383.188
diabetes,D02.455.426.559.389.657.684
diabetes,Y03.020
diabetes,D03.383.188
diabetes,D02.455.426.559.389.657.684
diabetes,Y03.020
diabetes,D02.455.426.559.389
diabetes,D02.455.426.559.389
diabetes,D02.455.426.559.389
diabetes,D02.455.426.559.389
diabetes,D02.455.426.559.389
diabetes,D03.383.621
diabetes,D03.383.129.539
diabetes,D03.383.621
diabetes,D03.383.129.539
diabetes,D03.383.621
diabetes,D03.383.129.539
diabetes,D03.383.621
diabetes,D03.383.129.539
diabetes,D03.383.621
diabetes,D03.383.129.539
diabetes,D03.383.621
diabetes,D03.383.129.539
diabetes,D03.383.621
diabetes,D03.383.129.539
diabetes,D03.383.621
diabetes,D03.383.129.539
diabetes,D03.383.621
diabetes,D03.383.129.539
diabetes,D03.383.621
diabetes,D03.383.129.539
diabetes,D03.383.621
diabetes,D03.383.129.539
diabetes,D03.383.621
diabetes,D03.383.129.539
diabetes,D03.383.621
diabetes,D03.383.129.539
diabetes,D03.383.621
diabetes,D03.383.129.539
diabetes,D03.383.621
diabetes,D03.383.129.539
diabetes,D03.383.621
diabetes,D03.383.129.539
diabetes,D03.383.621
diabetes,D03.383.129.539
diabetes,D03.383.621
diabetes,D03.383.129.539
diabetes,D03.383.621
diabetes,D03.383.129.539
diabetes,D03.383.725.762
diabetes,D03.383.725.762
diabetes,D02.455.326.271.665.146.240
diabetes,D02.455.326.271.665.146.240
diabetes,D02.455.326.271.665.146.240
diabetes,D02.455.326.271.665.146.240
diabetes,D02.455.326.271.665.146.240
diabetes,D02.455.326.271.665.146.240
diabetes,D02.455.326.271.665.146.240
diabetes,D02.455.326.271.665.146.240
diabetes,D02.455.326.271.665.146.240
diabetes,D02.455.326.271.665.146.240
diabetes,D02.455.326.271.665.146.240
diabetes,D02.455.326.271.665.146.240
diabetes,D02.455.326.271.665.146.240
diabetes,D02.455.326.271.665.146.240
diabetes,D02.455.326.271.665.146.240
diabetes,D02.455.326.271.665.146.240
diabetes,D02.455.326.271.665.146.240
diabetes,D02.455.326.271.665.146.240
diabetes,D02.455.326.271.665.146.240
diabetes,D02.455.326.271.665.146.240
diabetes,D02.455.326.271.665.146.240
diabetes,D02.455.326.271.665.146.240
diabetes,D02.455.326.271.665.146.240
diabetes,D02.455.326.271.665.146.240
diabetes,D02.455.326.271.665.146.240
diabetes,D02.455.326.271.665.146.240
diabetes,D02.455.326.271.665.146.240
diabetes,D02.455.326.271.665.146.240
diabetes,D02.455.326.271.665.146.240
diabetes,D02.455.326.271.665.146.240
diabetes,D02.455.326.271.665.146.240
diabetes,D02.455.326.271.665.146.240
diabetes,D02.455.326.271.665.146.240
diabetes,D02.455.326.271.665.146.240
diabetes,D02.455.326.271.665.146.240
diabetes,D02.455.326.271.665.146.240
diabetes,D02.455.326.271.665.146.240
diabetes,D02.455.326.271.665.146.240
diabetes,D02.455.326.271.665.146.240
diabetes,D02.455.326.271.665.146.240
diabetes,D02.455.326.271.665.146.240
diabetes,D02.455.326.271.665.146.240
diabetes,D02.455.326.271.665.146.240
diabetes,D02.455.326.271.665.146.240
diabetes,D02.455.326.271.665.146.240
diabetes,D02.455.326.271.665.146.240
diabetes,D02.455.326.271.665.146.240
diabetes,D02.455.326.271.665.146.240
diabetes,D02.455.326.271.665.146.240
diabetes,D02.455.326.271.665.146.240
diabetes,D02.455.326.271.665.146.240
diabetes,D02.455.326.271.665.146.240
diabetes,D02.455.326.271.665.146.240
diabetes,D02.455.326.271.665.146.240
diabetes,D02.455.326.271.665.146.240
diabetes,D02.455.326.271.665.146.240
diabetes,D02.455.326.271.665.146.240
diabetes,D02.455.326.271.665.146.240
diabetes,D02.455.326.271.665.146.240
diabetes,D02.455.326.271.665.146.240
diabetes,D02.455.326.271.665.146.240
diabetes,D02.455.326.271.665.146.240
diabetes,D02.455.326.271.665.146.240
diabetes,D02.455.326.271.665.146.240
diabetes,D02.455.326.271.665.146.240
diabetes,D02.455.326.271.665.146.240
diabetes,D02.455.326.271.665.146.240
diabetes,D02.033.455.125
diabetes,D03.383.606
diabetes,D03.383.606
diabetes,D03.383.606
diabetes,D03.383.606
diabetes,D02.047.850
diabetes,D02.241.081.018
diabetes,D02.455.326.397
diabetes,D02.033.260.100
diabetes,Y03.020
diabetes,D02.033.260.100
diabetes,Y03.020
diabetes,D02.033.260.100
diabetes,Y03.020
diabetes,D02.033.260.100
diabetes,Y03.020
diabetes,D02.033.260.100
diabetes,Y03.020
diabetes,D02.033.260.100
diabetes,Y03.020
diabetes,D02.033.260.100
diabetes,Y03.020
diabetes,D02.033.260.100
diabetes,Y03.020
diabetes,D02.033.260.100
diabetes,Y03.020
diabetes,D02.033.260.100
diabetes,Y03.020
diabetes,D02.033.260.100
diabetes,Y03.020
diabetes,D02.033.260.100
diabetes,Y03.020
diabetes,D02.033.260.100
diabetes,Y03.020
diabetes,D02.033.260.100
diabetes,Y03.020
diabetes,D02.033.260.100
diabetes,Y03.020
diabetes,D02.033.260.100
diabetes,Y03.020
diabetes,D02.033.260.100
diabetes,Y03.020
diabetes,D02.033.260.100
diabetes,Y03.020
diabetes,D02.033.260.100
diabetes,Y03.020
diabetes,D02.033.260.100
diabetes,Y03.020
diabetes,D02.033.260.100
diabetes,Y03.020
diabetes,D02.033.260.100
diabetes,Y03.020
diabetes,D02.033.260.100
diabetes,Y03.020
diabetes,D02.033.260.100
diabetes,Y03.020
diabetes,D02.033.260.100
diabetes,Y03.020
diabetes,D02.033.260.100
diabetes,Y03.020
diabetes,D03.633.100.103
diabetes,D03.633.100.857
diabetes,D03.383.663.283
diabetes,D02.455.426.779
diabetes,D03.383.663.283
diabetes,D02.455.426.779
diabetes,D03.383.663.283
diabetes,D02.455.426.779
diabetes,D03.383.663.283
diabetes,D02.455.426.779
diabetes,D03.383.663.283
diabetes,D02.455.426.779
diabetes,D02.241.223.100
diabetes,D03.383.129.308
diabetes,D02.241.223.100
diabetes,D03.383.129.308
diabetes,D02.241.223.100
diabetes,D03.383.129.308
diabetes,D02.241.223.100
diabetes,D03.383.129.308
diabetes,D02.886.904
diabetes,Y03.020
diabetes,D02.886.904
diabetes,Y03.020
diabetes,D02.886.904
diabetes,Y03.020
diabetes,D02.886.904
diabetes,Y03.020
diabetes,D02.886.904
diabetes,Y03.020
diabetes,D02.886.904
diabetes,Y03.020
diabetes,D02.886.904
diabetes,Y03.020
diabetes,D02.886.904
diabetes,Y03.020
diabetes,D02.886.904
diabetes,Y03.020
diabetes,D02.886.904
diabetes,Y03.020
diabetes,D02.886.904
diabetes,Y03.020
diabetes,D02.886.904
diabetes,Y03.020
diabetes,D02.886.904
diabetes,Y03.020
diabetes,D02.886.904
diabetes,Y03.020
diabetes,D02.886.904
diabetes,Y03.020
diabetes,D02.886.904
diabetes,Y03.020
diabetes,D02.886.904
diabetes,Y03.020
diabetes,D02.886.904
diabetes,Y03.020
diabetes,D02.886.904
diabetes,Y03.020
diabetes,D02.886.904
diabetes,Y03.020
diabetes,D02.886.904
diabetes,Y03.020
diabetes,D02.886.904
diabetes,Y03.020
diabetes,D02.886.904
diabetes,Y03.020
diabetes,D02.886.904
diabetes,Y03.020
diabetes,D02.886.904
diabetes,Y03.020
diabetes,D02.886.904
diabetes,Y03.020
diabetes,D02.886.904
diabetes,Y03.020
diabetes,D02.886.904
diabetes,Y03.020
diabetes,D02.886.904
diabetes,Y03.020
diabetes,D02.886.904
diabetes,Y03.020
diabetes,D02.886.904
diabetes,Y03.020
diabetes,D02.886.904
diabetes,Y03.020
diabetes,D02.886.904
diabetes,Y03.020
diabetes,D02.886.904
diabetes,Y03.020
diabetes,D02.886.904
diabetes,Y03.020
diabetes,D02.886.904
diabetes,Y03.020
diabetes,D02.455.426.559.847.799
diabetes,D02.455.426.559.847.799
diabetes,D02.455.426.559.847.799
diabetes,D02.455.426.559.847.799
diabetes,D02.455.426.559.847.799
diabetes,D02.455.426.559.847.799
diabetes,D02.455.426.559.847.799
diabetes,D02.455.426.559.847.799
diabetes,D02.455.426.559.847.799
diabetes,D02.455.326.146.800
diabetes,Y03.020
diabetes,D03.132.960
diabetes,D03.132.960
diabetes,D03.132.960
diabetes,D03.132.960
diabetes,D03.132.960
diabetes,D02.078.370
diabetes,D02.078.370
diabetes,D10.251.355.310.515
diabetes,D01.248.497.158.685.750.637
diabetes,D10.251.355.310.515
diabetes,D01.248.497.158.685.750.637
diabetes,D10.251.355.310.515
diabetes,D01.248.497.158.685.750.637
diabetes,D10.251.355.310.515
diabetes,D01.248.497.158.685.750.637
diabetes,D10.251.355.310.515
diabetes,D01.248.497.158.685.750.637
diabetes,D10.251.355.310.515
diabetes,D01.248.497.158.685.750.637
diabetes,D10.251.355.310.515
diabetes,D01.248.497.158.685.750.637
diabetes,D10.251.355.310.515
diabetes,D01.248.497.158.685.750.637
diabetes,D10.251.355.310.515
diabetes,D01.248.497.158.685.750.637
diabetes,D10.251.355.310.515
diabetes,D01.248.497.158.685.750.637
diabetes,D10.251.355
diabetes,D10.251.355
diabetes,D10.251.355
diabetes,D10.251.355
diabetes,D10.251.355
diabetes,D10.251.355
diabetes,D10.251.355.310.515
diabetes,D10.251.355.310.515
diabetes,D10.251.355.310.515
diabetes,D10.251.355.310.515
diabetes,D03.132.436.681.333
diabetes,D03.132.436.681.333
diabetes,D03.132.436.681.333
diabetes,D03.383.606
diabetes,D10.251.355.255.207
diabetes,Y03.020
diabetes,D10.251.355.255.207
diabetes,Y03.020
diabetes,D10.251.355.255.207
diabetes,Y03.020
diabetes,D10.251.355.255.207
diabetes,Y03.020
diabetes,D10.251.355.255.207
diabetes,Y03.020
diabetes,D10.251.355.255.207
diabetes,Y03.020
diabetes,D10.251.355.255.207
diabetes,Y03.020
diabetes,D03.383.082.301
diabetes,D02.455.426.559.389.140
diabetes,D03.383.082.301
diabetes,D02.455.426.559.389.140
diabetes,D03.383.082.301
diabetes,D02.455.426.559.389.140
diabetes,D03.383.082.301
diabetes,D02.455.426.559.389.140
diabetes,D03.383.082.301
diabetes,D02.455.426.559.389.140
diabetes,D03.383.082.301
diabetes,D02.455.426.559.389.140
diabetes,D03.383.082.301
diabetes,D02.455.426.559.389.140
diabetes,D03.383.082.301
diabetes,D02.455.426.559.389.140
diabetes,D03.383.082.301
diabetes,D02.455.426.559.389.140
diabetes,D03.383.742
diabetes,D03.605.084
diabetes,D03.661.243
diabetes,D02.145.074.722
diabetes,D03.661.243
diabetes,D02.145.074.722
diabetes,D03.383.082.301
diabetes,D02.886.778
diabetes,D03.633.100.612
diabetes,D02.478
diabetes,D02.455.426.559.847.638
diabetes,D02.478
diabetes,D02.455.426.559.847.638
diabetes,D02.478
diabetes,D02.455.426.559.847.638
diabetes,D02.455.426.392.368.450
diabetes,D03.633.100.810
diabetes,D02.455.426.392.368.450
diabetes,D03.633.100.810
diabetes,D02.455.426.392.368.450
diabetes,D03.633.100.810
diabetes,D02.455.426.392.368.450
diabetes,D03.633.100.810
diabetes,D02.455.426.392.368.450
diabetes,D03.633.100.810
diabetes,D02.455.426.392.368.450
diabetes,D03.633.100.810
diabetes,D02.455.426.392.368.450
diabetes,D03.633.100.810
diabetes,D02.455.426.392.368.450
diabetes,D03.633.100.810
diabetes,D02.455.426.392.368.450
diabetes,D03.633.100.810
diabetes,D04.210.500.054.079.129
diabetes,D02.455.426.559.847.117.159
diabetes,D02.455.426.559.847.117.159
diabetes,D02.455.426.559.847.117.159
diabetes,D03.383.725
diabetes,D03.383.725
diabetes,D03.383.725
diabetes,D03.383.725
diabetes,D03.383.725
diabetes,D03.383.725
diabetes,D03.383.725
diabetes,D03.383.725
diabetes,D03.383.725
diabetes,D03.383.725
diabetes,D03.383.725
diabetes,D03.383.725
diabetes,D03.383.725
diabetes,D03.383.725
diabetes,D03.383.725
diabetes,D03.383.725
diabetes,D03.383.725
diabetes,D03.383.725
diabetes,D03.383.725
diabetes,D03.383.725
diabetes,D03.383.725
diabetes,D03.383.725
diabetes,D03.383.725
diabetes,D03.383.725
diabetes,D03.383.725
diabetes,D03.383.725
diabetes,D03.383.725
diabetes,D03.383.725
diabetes,D03.383.725
diabetes,D03.383.725
diabetes,D03.383.725
diabetes,D03.383.725
diabetes,D03.383.725
diabetes,D03.383.725
diabetes,D03.383.725
diabetes,D03.383.725
diabetes,D03.383.725
diabetes,D03.383.725
diabetes,D03.383.725
diabetes,D03.383.725
diabetes,D03.383.725
diabetes,D03.383.725
diabetes,D03.383.725
diabetes,D03.383.725
diabetes,D03.383.725
diabetes,D03.383.725
diabetes,D03.383.725
diabetes,D03.383.725
diabetes,D03.383.725
diabetes,D03.383.725
diabetes,D03.383.725
diabetes,D03.383.725
diabetes,D03.383.725
diabetes,D03.383.725
diabetes,D03.383.725
diabetes,D03.383.725
diabetes,D03.383.725
diabetes,D03.383.725
diabetes,D03.383.725
diabetes,D03.383.725
diabetes,D03.383.725
diabetes,D03.383.725
diabetes,D03.383.725
diabetes,D03.383.725
diabetes,D03.383.725
diabetes,D03.383.725
diabetes,D03.383.725
diabetes,D03.383.725
diabetes,D03.383.725
diabetes,D03.383.725
diabetes,D03.383.725
diabetes,D03.383.725
diabetes,D03.383.725
diabetes,D03.383.725
diabetes,D03.383.725
diabetes,D03.383.725
diabetes,D03.383.725
diabetes,D03.383.725
diabetes,D03.383.725
diabetes,D03.383.725
diabetes,D03.383.725
diabetes,D03.383.725
diabetes,D02.455.326.146.216
diabetes,D02.092.570.665
diabetes,D03.383.725.762
diabetes,D02.455.326.146.216
diabetes,D02.092.570.665
diabetes,D03.383.725.762
diabetes,D02.455.326.146.216
diabetes,D02.092.570.665
diabetes,D03.383.725.762
diabetes,D02.455.326.146.216
diabetes,D02.092.570.665
diabetes,D03.383.725.762
diabetes,D03.633.100.857
diabetes,D03.633.100.857
diabetes,D02.241.081.018
diabetes,D03.633.100.473
diabetes,D02.241.081.018
diabetes,D03.633.100.473
diabetes,D02.241.081.018
diabetes,D03.633.100.473
diabetes,D02.241.081.018
diabetes,D03.633.100.473
diabetes,D02.442.288
diabetes,D02.948.395
diabetes,Y03.020
diabetes,D02.442.288
diabetes,D02.948.395
diabetes,Y03.020
diabetes,D02.806.250
diabetes,D02.806.250
diabetes,D02.806.250
diabetes,D02.806.250
diabetes,D02.806.250
diabetes,D02.806.250
diabetes,D02.806.250
diabetes,D02.455.849.291
diabetes,D02.455.849.291
diabetes,D02.455.849.291
diabetes,D02.455.849.291
diabetes,D02.455.849.291
diabetes,D02.455.849.291
diabetes,D02.455.849.291
diabetes,D02.455.849.291
diabetes,D02.455.849.291
diabetes,D02.455.426.559.389.220
diabetes,D02.455.426.559.389.220
diabetes,D02.455.426.559.389.220
diabetes,D02.455.426.559.389.220
diabetes,D03.383.725.203
diabetes,D03.383.725.203
diabetes,D03.383.725.203
diabetes,D03.383.725.203
diabetes,D02.806
diabetes,D02.806
diabetes,D02.455.426.559.847.638.638
diabetes,D02.455.326.271
diabetes,D03.633.100.079.080
diabetes,D02.455.426.392.368.284.049
diabetes,D02.455.426.559.847.638
diabetes,D02.522.818.222
diabetes,D02.522.818.222
diabetes,D02.522.818.222
diabetes,D02.522.818.222
diabetes,D02.522.818.222
diabetes,D02.522.818.222
diabetes,D02.522.818.222
diabetes,D02.092.471.683.152
diabetes,D03.383.129.539.487
diabetes,D02.092.570.665
diabetes,D03.383.725.762
diabetes,D02.092.570.665
diabetes,D03.383.725.762
diabetes,D02.455.326.271
diabetes,D02.455.426.559.389.657
diabetes,D02.455.326.271
diabetes,D02.455.426.559.389.657
diabetes,D03.383.129.539
diabetes,D03.383.129.539
diabetes,D03.383.129.539
diabetes,D03.383.129.539
diabetes,D03.383.129.539
diabetes,D03.383.129.539
diabetes,D02.455.426.559.847.638.721
diabetes,D02.455.426.559.847.638.721
diabetes,D02.455.426.559.847.638.721
diabetes,D02.455.426.559.847.638.721
diabetes,D02.455.426.559.847.638.721
diabetes,D02.455.426.559.847.638.721
diabetes,D02.455.426.559.847.638.721
diabetes,D02.455.426.559.847.638.721
diabetes,D02.712
diabetes,D02.712
diabetes,D02.712
diabetes,D02.712
diabetes,D02.712
diabetes,D02.712
diabetes,D02.712
diabetes,D02.712
diabetes,D02.712
diabetes,D02.712
diabetes,D02.712
diabetes,D02.712
diabetes,D12.644.456.448
diabetes,Y03.020
diabetes,D02.712
diabetes,D12.644.456.448
diabetes,Y03.020
diabetes,D02.712
diabetes,D12.644.456.448
diabetes,Y03.020
diabetes,D02.712
diabetes,D12.644.456.448
diabetes,Y03.020
diabetes,D02.712
diabetes,D12.644.456.448
diabetes,Y03.020
diabetes,D02.712
diabetes,D02.455.426.559.847.723
diabetes,D02.455.426.559.847.723
diabetes,D02.455.426.559.847.723
diabetes,D02.455.426.559.847.723
diabetes,D02.455.426.559.847.723
diabetes,D02.455.426.559.847.723
diabetes,D02.455.426.559.847.723
diabetes,D02.455.426.559.847.723
diabetes,D02.455.426.559.847.723
diabetes,D02.455.426.559.847.723
diabetes,D02.455.426.559.847.723
diabetes,D02.455.426.559.847.723
diabetes,D02.455.426.559.847.723
diabetes,D02.455.426.559.847.723
diabetes,D02.455.426.559.847.723
diabetes,D02.455.426.559.847.723
diabetes,D02.455.426.559.847.723
diabetes,D02.455.426.559.847.723
diabetes,D02.455.426.559.847.723
diabetes,D02.455.426.559.847.723
diabetes,D02.455.849.765.850
diabetes,D02.455.849.765.850
diabetes,D02.455.849.765.850
diabetes,D02.455.849.765.850
diabetes,D02.455.849.765.850
diabetes,D02.455.849.765.850
diabetes,D02.455.849.765.850
diabetes,D02.455.849.765.850
diabetes,D02.455.849.765.850
diabetes,D02.455.849.765.850
diabetes,D02.455.849.765.850
diabetes,D02.455.849.765.850
diabetes,D02.455.849.765.850
diabetes,D02.455.849.765.850
diabetes,D02.455.849.765.850
diabetes,D02.455.849.765.850
diabetes,D02.455.849.765.850
diabetes,D09.947.875.359.250
diabetes,Y03.020
diabetes,D09.947.875.359.250
diabetes,Y03.020
diabetes,D09.947.875.359.250
diabetes,Y03.020
diabetes,D09.254.229
diabetes,D02.886.680.702
diabetes,D02.886.680.702
diabetes,D02.455.326.146.485.222.222
diabetes,Y03.020
diabetes,D02.455.326.146.485.222.222
diabetes,Y03.020
diabetes,D02.455.326.146.485.222.222
diabetes,Y03.020
diabetes,D02.455.326.146.485.222.222
diabetes,Y03.020
diabetes,D02.455.426.559.389.220
diabetes,D02.522.720
diabetes,D02.455.426.559.389.220
diabetes,D02.522.720
diabetes,D03.633.100.103
diabetes,D03.383.129.539
diabetes,D10.251.355.255.550.200.200
diabetes,Y03.020
diabetes,D10.251.355.255.550.200.200
diabetes,Y03.020
diabetes,D10.251.355.255.550.200.200
diabetes,Y03.020
diabetes,D10.251.355.255.550.200.200
diabetes,Y03.020
diabetes,D10.251.355.255.550.200.200
diabetes,Y03.020
diabetes,D10.251.355.255.550.200.200
diabetes,Y03.020
diabetes,D10.251.355.255.550.200.200
diabetes,Y03.020
diabetes,D10.251.355.255.550.200.200
diabetes,Y03.020
diabetes,D10.251.355.255.550.200.200
diabetes,Y03.020
diabetes,D10.251.355.255.550.200.200
diabetes,Y03.020
diabetes,D10.251.355.255.550.200.200
diabetes,Y03.020
diabetes,D10.251.355.255.550.200.200
diabetes,Y03.020
diabetes,D10.251.355.255.550.200.200
diabetes,Y03.020
diabetes,D10.251.355.255.550.200.200
diabetes,Y03.020
diabetes,D10.251.355.255.550.200.200
diabetes,Y03.020
diabetes,D10.251.355.255.550.200.200
diabetes,Y03.020
diabetes,D10.251.355.255.550.200.200
diabetes,Y03.020
diabetes,D10.251.355.255.550.200.200
diabetes,Y03.020
diabetes,D10.251.355.255.550.200.200
diabetes,Y03.020
diabetes,D10.251.355.255.550.200.200
diabetes,Y03.020
diabetes,D10.251.355.255.550.200.200
diabetes,Y03.020
diabetes,D10.251.355.255.550.200.200
diabetes,Y03.020
diabetes,D10.251.355.255.550.200.200
diabetes,Y03.020
diabetes,D10.251.355.255.550.200.200
diabetes,Y03.020
diabetes,D10.251.355.255.550.200.200
diabetes,Y03.020
diabetes,D10.251.355.255.550.200.200
diabetes,Y03.020
diabetes,D10.251.355.255.550.200.200
diabetes,Y03.020
diabetes,D10.251.355.255.550.200.200
diabetes,Y03.020
diabetes,D10.251.355.255.550.200.200
diabetes,Y03.020
diabetes,D10.251.355.255.550.200.200
diabetes,Y03.020
diabetes,D10.251.355.255.550.200.200
diabetes,Y03.020
diabetes,D10.251.355.255.550.200.200
diabetes,Y03.020
diabetes,D10.251.355.255.550.200.200
diabetes,Y03.020
diabetes,D10.251.355.255.550.200.200
diabetes,Y03.020
diabetes,D10.251.355.255.550.200.200
diabetes,Y03.020
diabetes,D10.251.355.255.550.200.200
diabetes,Y03.020
diabetes,D10.251.355.255.550.200.200
diabetes,Y03.020
diabetes,D10.251.355.255.550.200.200
diabetes,Y03.020
diabetes,D10.251.355.255.550.200.200
diabetes,Y03.020
diabetes,D10.251.355.255.550.200.200
diabetes,Y03.020
diabetes,D10.251.355.255.550.200.200
diabetes,Y03.020
diabetes,D10.251.355.255.550.200.200
diabetes,Y03.020
diabetes,D10.251.355.255.550.200.200
diabetes,Y03.020
diabetes,D10.251.355.255.550.200.200
diabetes,Y03.020
diabetes,D10.251.355.255.550.200.200
diabetes,Y03.020
diabetes,D10.251.355.255.550.200.200
diabetes,Y03.020
diabetes,D10.251.355.255.550.200.200
diabetes,Y03.020
diabetes,D10.251.355.255.550.200.200
diabetes,Y03.020
diabetes,D10.251.355.255.550.200.200
diabetes,Y03.020
diabetes,D10.251.355.255.550.200.200
diabetes,Y03.020
diabetes,D10.251.355.255.550.200.200
diabetes,Y03.020
diabetes,D10.251.355.255.550.200.200
diabetes,Y03.020
diabetes,D10.251.355.255.550.200.200
diabetes,Y03.020
diabetes,D10.251.355.255.550.200.200
diabetes,Y03.020
diabetes,D10.251.355.255.550.200.200
diabetes,Y03.020
diabetes,D10.251.355.255.550.200.200
diabetes,Y03.020
diabetes,D10.251.355.255.550.200.200
diabetes,Y03.020
diabetes,D10.251.355.255.550.200.200
diabetes,Y03.020
diabetes,D10.251.355.255.550.200.200
diabetes,Y03.020
diabetes,D10.251.355.255.550.200.200
diabetes,Y03.020
diabetes,D10.251.355.255.550.200.200
diabetes,Y03.020
diabetes,D10.251.355.255.550.200.200
diabetes,Y03.020
diabetes,D10.251.355.255.550.200.200
diabetes,Y03.020
diabetes,D10.251.355.255.550.200.200
diabetes,Y03.020
diabetes,D10.251.355.255.550.200.200
diabetes,Y03.020
diabetes,D10.251.355.255.550.200.200
diabetes,Y03.020
diabetes,D10.251.355.255.550.200.200
diabetes,Y03.020
diabetes,D10.251.355.255.550.200.200
diabetes,Y03.020
diabetes,D10.251.355.255.550.200.200
diabetes,Y03.020
diabetes,D10.251.355.255.550.200.200
diabetes,Y03.020
diabetes,D10.251.355.255.550.200.200
diabetes,Y03.020
diabetes,D10.251.355.255.550.200.200
diabetes,Y03.020
diabetes,D10.251.355.255.550.200.200
diabetes,Y03.020
diabetes,D10.251.355.255.550.200.200
diabetes,Y03.020
diabetes,D10.251.355.255.550.200.200
diabetes,Y03.020
diabetes,D10.251.355.255.550.200.200
diabetes,Y03.020
diabetes,D10.251.355.255.550.200.200
diabetes,Y03.020
diabetes,D10.251.355.255.550.200.200
diabetes,Y03.020
diabetes,D10.251.355.255.550.200.200
diabetes,Y03.020
diabetes,D10.251.355.255.550.200.200
diabetes,Y03.020
diabetes,D10.251.355.255.550.200.200
diabetes,Y03.020
diabetes,D10.251.355.255.550.200.200
diabetes,Y03.020
diabetes,D10.251.355.255.550.200.200
diabetes,Y03.020
diabetes,D10.251.355.255.550.200.200
diabetes,Y03.020
diabetes,D10.251.355.255.550.200.200
diabetes,Y03.020
diabetes,D10.251.355.255.550.200.200
diabetes,Y03.020
diabetes,D10.251.355.255.550.200.200
diabetes,Y03.020
diabetes,D10.251.355.255.550.200.200
diabetes,Y03.020
diabetes,D10.251.355.255.550.200.200
diabetes,Y03.020
diabetes,D10.251.355.255.550.200.200
diabetes,Y03.020
diabetes,D10.251.355.255.550.200.200
diabetes,Y03.020
diabetes,D10.251.355.255.550.200.200
diabetes,Y03.020
diabetes,D10.251.355.255.550.200.200
diabetes,Y03.020
diabetes,D10.251.355.255.550.200.200
diabetes,Y03.020
diabetes,D10.251.355.255.550.200.200
diabetes,Y03.020
diabetes,D10.251.355.255.550.200.200
diabetes,Y03.020
diabetes,D03.633.100.531
diabetes,D03.633.100.531
diabetes,D03.633.100.531
diabetes,D03.633.100.531
diabetes,D03.633.100.531
diabetes,D03.633.100.531
diabetes,D03.633.100.473
diabetes,D02.455.426.559.847.638
diabetes,D01.248.497.158.685.750.637
diabetes,D10.251.355.255.100.450
diabetes,D01.248.497.158.685.750.637
diabetes,D10.251.355.255.100.450
diabetes,D01.248.497.158.685.750.637
diabetes,D10.251.355.255.100.450
diabetes,D01.248.497.158.685.750.637
diabetes,D10.251.355.255.100.450
diabetes,D10.251.355.255.100.300
diabetes,D10.251.355.255.100.300
diabetes,D10.251.355.255.100.300
diabetes,D10.251.355.255.100.300
diabetes,D10.251.355.255.100.300
diabetes,D10.251.355.255.100.300
diabetes,D10.251.355.255.100.300
diabetes,D10.251.355.255.100.300
diabetes,D10.251.355.255.100.300
diabetes,D02.886.590.700.545
diabetes,Y03.020
diabetes,D02.886.590.700.545
diabetes,Y03.020
diabetes,D10.251.355.255.100
diabetes,D10.251.355.255.100
diabetes,D10.251.355.255.100
diabetes,D10.251.355.255.100
diabetes,D10.251.355.255.100
diabetes,D10.251.355.255.100
diabetes,D10.251.355.255.100
diabetes,D10.251.355.255.100
diabetes,D10.251.355.255.100
diabetes,D02.092.705
diabetes,Y03.020
diabetes,D02.092.705
diabetes,Y03.020
diabetes,D04.210.500.365.415
diabetes,D03.383.773.812
diabetes,D04.210.500.365.415
diabetes,D03.383.773.812
diabetes,D04.210.500.365.415
diabetes,D03.383.773.812
diabetes,D04.210.500.365.415
diabetes,D03.383.773.812
diabetes,D04.210.500.365.415
diabetes,D03.383.773.812
diabetes,D04.210.500.365.415
diabetes,D03.383.773.812
diabetes,D04.210.500.365.415
diabetes,D03.383.773.812
diabetes,D04.210.500.365.415
diabetes,D03.383.773.812
diabetes,D04.210.500.365.415
diabetes,D03.383.773.812
diabetes,D04.210.500.365.415
diabetes,D03.383.773.812
diabetes,D04.210.500.365.415
diabetes,D03.383.773.812
diabetes,D04.210.500.365.415
diabetes,D03.383.773.812
diabetes,D04.210.500.365.415
diabetes,D03.383.773.812
diabetes,D04.210.500.365.415
diabetes,D03.383.773.812
diabetes,D04.210.500.365.415
diabetes,D03.383.773.812
diabetes,D04.210.500.365.415
diabetes,D03.383.773.812
diabetes,D04.210.500.365.415
diabetes,D03.383.773.812
diabetes,D04.210.500.365.415
diabetes,D03.383.773.812
diabetes,D04.210.500.365.415
diabetes,D03.383.773.812
diabetes,D04.210.500.365.415
diabetes,D03.383.773.812
diabetes,D04.210.500.365.415
diabetes,D03.383.773.812
diabetes,D04.210.500.365.415
diabetes,D03.383.773.812
diabetes,D04.210.500.365.415
diabetes,D03.383.773.812
diabetes,D04.210.500.365.415
diabetes,D03.383.773.812
diabetes,D04.210.500.365.415
diabetes,D03.383.773.812
diabetes,D04.210.500.365.415
diabetes,D03.383.773.812
diabetes,D10.251.355.255.375
diabetes,D10.251.355.255.375
diabetes,D10.251.355.255.375
diabetes,D10.251.355.255.375
diabetes,D10.251.355.255.375
diabetes,D10.251.355.255.375
diabetes,D10.251.355.255.375
diabetes,D10.251.355.255.375
diabetes,D10.251.355.255.375
diabetes,D10.251.355.255.375
diabetes,D10.251.355.255.375
diabetes,D10.251.355.255.375
diabetes,D04.210.500.745.745.654.829
diabetes,Y03.020
diabetes,D04.210.500.745.745.654
diabetes,D04.210.500.745.745.654
diabetes,D04.210.500.745.745.654
diabetes,D04.210.500.745.745.654
diabetes,D02.455.426.100.050
diabetes,Y03.020
diabetes,D02.455.426.100.050
diabetes,Y03.020
diabetes,D02.455.426.100.050
diabetes,Y03.020
diabetes,D02.455.426.100.050
diabetes,Y03.020
diabetes,D02.455.426.100.050
diabetes,Y03.020
diabetes,D02.455.426.392.368.367.340
diabetes,D02.455.426.559.847.638
diabetes,D02.455.426.559.847.799
diabetes,D02.455.426.559.847.799
diabetes,D02.455.426.559.847.799
diabetes,D02.500
diabetes,D02.500
diabetes,D02.500
diabetes,D02.500
diabetes,D02.500
diabetes,D02.500
diabetes,D02.500
diabetes,D02.500
diabetes,D02.500
diabetes,D02.455.849.291
diabetes,D02.455.849.291
diabetes,D02.455.849.291
diabetes,D02.455.849.291
diabetes,D02.455.849.291
diabetes,D02.455.849.291
diabetes,D02.455.849.291
diabetes,D02.455.849.291
diabetes,D02.455.849.291
diabetes,D02.455.849.291
diabetes,D04.210.500.365.415.414
diabetes,Y03.020
diabetes,D02.455.849.291.037
diabetes,Y03.020
diabetes,D04.210.500.745.745.379
diabetes,Y03.020
diabetes,D04.210.500.054.079.129
diabetes,D04.210.500.745.745.654.829.395
diabetes,D04.210.500.668.651.693.706
diabetes,Y03.020
diabetes,D04.210.500.668.651.693.706
diabetes,Y03.020
diabetes,D04.210.500.668.651.693.706
diabetes,Y03.020
diabetes,D04.210.500.745.745.725
diabetes,Y03.020
diabetes,D04.210.500.745.745.654.829.395.400.500
diabetes,D04.210.500.745.745.654.829.395.400.500
diabetes,D04.210.500.745.745.654.829.395.400.500
diabetes,D04.210.500.745.745.654.829.395.400.500
diabetes,D04.210.500.745.745.654.829.395.400.500
diabetes,D04.210.500.745.745.654.829.395.400.500
diabetes,D04.210.500.745.745.654.829.395.400.500
diabetes,D04.210.500.745.745.654.829.395.400.500
